<application>
  <component name="MavenWrapperMapping">
    <option name="mapping">
      <map>
        <entry key="https://repo.maven.apache.org/maven2/org/apache/maven/apache-maven/3.6.3/apache-maven-3.6.3-bin.zip" value="C:\Users\33719\.m2\wrapper\dists\apache-maven-3.6.3-bin\1iopthnavndlasol9gbrbg6bf2\apache-maven-3.6.3" />
        <entry key="https://repo.maven.apache.org/maven2/org/apache/maven/apache-maven/3.8.4/apache-maven-3.8.4-bin.zip" value="C:\Users\33719\.m2\wrapper\dists\apache-maven-3.8.4-bin\52ccbt68d252mdldqsfsn03jlf\apache-maven-3.8.4" />
        <entry key="https://repo1.maven.org/maven2/org/apache/maven/apache-maven/3.5.0/apache-maven-3.5.0-bin.zip" value="C:\Users\33719\.m2\wrapper\dists\apache-maven-3.5.0-bin\6ps54u5pnnbbpr6ds9rppcc7iv\apache-maven-3.5.0" />
        <entry key="https://repo1.maven.org/maven2/org/apache/maven/apache-maven/3.5.4/apache-maven-3.5.4-bin.zip" value="C:\Users\33719\.m2\wrapper\dists\apache-maven-3.5.4-bin\jl1qqhdeineh9qg83dtj7i91c\apache-maven-3.5.4" />
      </map>
    </option>
  </component>
</application>